2023-06-26T17:09:12.238+09:00,newbi,Action,Clear Tracking Log,,,,,-1,-1,
2023-06-26T17:09:13.846+09:00,newbi,KeyEvent,65535:17:2,summer,Editor,C:/Users/newbi/CLionProjects/summer/main.cpp,,20,0,Changes
2023-06-26T17:09:13.931+09:00,newbi,Action,$SelectAll,summer,Editor,C:/Users/newbi/CLionProjects/summer/main.cpp,,20,0,Changes
2023-06-26T17:09:13.932+09:00,newbi,KeyEvent,1:65:2,summer,Editor,C:/Users/newbi/CLionProjects/summer/main.cpp,,20,0,Changes
2023-06-26T17:09:14.177+09:00,newbi,KeyEvent,65535:17:2,summer,Editor,C:/Users/newbi/CLionProjects/summer/main.cpp,,20,0,Changes
2023-06-26T17:09:14.258+09:00,newbi,Action,EditorPaste,summer,Editor,C:/Users/newbi/CLionProjects/summer/main.cpp,,20,0,Changes
2023-06-26T17:09:14.288+09:00,newbi,KeyEvent,22:86:2,summer,Editor,C:/Users/newbi/CLionProjects/summer/main.cpp,,17,1,Changes
2023-06-26T17:09:17.435+09:00,newbi,Action,EditorBackSpace,summer,Editor,C:/Users/newbi/CLionProjects/summer/main.cpp,,0,6,Changes
2023-06-26T17:09:17.438+09:00,newbi,KeyEvent,8:8:0,summer,Editor,C:/Users/newbi/CLionProjects/summer/main.cpp,,0,5,Changes
2023-06-26T17:09:17.596+09:00,newbi,Action,EditorBackSpace,summer,Editor,C:/Users/newbi/CLionProjects/summer/main.cpp,,0,5,Changes
2023-06-26T17:09:17.599+09:00,newbi,KeyEvent,8:8:0,summer,Editor,C:/Users/newbi/CLionProjects/summer/main.cpp,,0,4,Changes
2023-06-26T17:09:17.737+09:00,newbi,Action,EditorBackSpace,summer,Editor,C:/Users/newbi/CLionProjects/summer/main.cpp,,0,4,Changes
2023-06-26T17:09:17.739+09:00,newbi,KeyEvent,8:8:0,summer,Editor,C:/Users/newbi/CLionProjects/summer/main.cpp,,0,3,Changes
2023-06-26T17:09:17.877+09:00,newbi,Action,EditorBackSpace,summer,Editor,C:/Users/newbi/CLionProjects/summer/main.cpp,,0,3,Changes
2023-06-26T17:09:17.879+09:00,newbi,KeyEvent,8:8:0,summer,Editor,C:/Users/newbi/CLionProjects/summer/main.cpp,,0,2,Changes
2023-06-26T17:09:18.033+09:00,newbi,Action,EditorBackSpace,summer,Editor,C:/Users/newbi/CLionProjects/summer/main.cpp,,0,2,Changes
2023-06-26T17:09:18.035+09:00,newbi,KeyEvent,8:8:0,summer,Editor,C:/Users/newbi/CLionProjects/summer/main.cpp,,0,1,Changes
2023-06-26T17:09:18.159+09:00,newbi,Action,EditorBackSpace,summer,Editor,C:/Users/newbi/CLionProjects/summer/main.cpp,,0,1,Changes
2023-06-26T17:09:18.161+09:00,newbi,KeyEvent,8:8:0,summer,Editor,C:/Users/newbi/CLionProjects/summer/main.cpp,,0,0,Changes
2023-06-26T17:09:18.343+09:00,newbi,KeyEvent,97:65:0,summer,Editor,C:/Users/newbi/CLionProjects/summer/main.cpp,,0,0,Changes
2023-06-26T17:09:18.695+09:00,newbi,KeyEvent,117:85:0,summer,Editor,C:/Users/newbi/CLionProjects/summer/main.cpp,,0,1,Changes
2023-06-26T17:09:18.770+09:00,newbi,KeyEvent,116:84:0,summer,Editor,C:/Users/newbi/CLionProjects/summer/main.cpp,,0,2,Changes
2023-06-26T17:09:18.820+09:00,newbi,KeyEvent,111:79:0,summer,Editor,C:/Users/newbi/CLionProjects/summer/main.cpp,,0,3,Changes
2023-06-26T17:09:20.054+09:00,newbi,Action,EditorDown,summer,Editor,C:/Users/newbi/CLionProjects/summer/main.cpp,,0,4,Changes
2023-06-26T17:09:20.055+09:00,newbi,KeyEvent,65535:40:0,summer,Editor,C:/Users/newbi/CLionProjects/summer/main.cpp,,1,4,Changes
2023-06-26T17:09:20.328+09:00,newbi,Action,EditorUp,summer,Editor,C:/Users/newbi/CLionProjects/summer/main.cpp,,1,4,Changes
2023-06-26T17:09:20.330+09:00,newbi,KeyEvent,65535:38:0,summer,Editor,C:/Users/newbi/CLionProjects/summer/main.cpp,,0,4,Changes
2023-06-26T17:09:20.744+09:00,newbi,KeyEvent,65535:17:2,summer,Editor,C:/Users/newbi/CLionProjects/summer/main.cpp,,0,4,Changes
2023-06-26T17:09:21.393+09:00,newbi,KeyEvent,65535:17:2,summer,Editor,C:/Users/newbi/CLionProjects/summer/main.cpp,,0,4,Changes
2023-06-26T17:09:21.473+09:00,newbi,Action,$Undo,summer,Editor,C:/Users/newbi/CLionProjects/summer/main.cpp,,0,4,Changes
2023-06-26T17:09:21.485+09:00,newbi,KeyEvent,26:90:2,summer,Editor,C:/Users/newbi/CLionProjects/summer/main.cpp,,0,0,Changes
2023-06-26T17:09:21.895+09:00,newbi,KeyEvent,65535:17:2,summer,Editor,C:/Users/newbi/CLionProjects/summer/main.cpp,,0,0,Changes
2023-06-26T17:09:21.939+09:00,newbi,Action,$Undo,summer,Editor,C:/Users/newbi/CLionProjects/summer/main.cpp,,0,0,Changes
2023-06-26T17:09:21.955+09:00,newbi,KeyEvent,26:90:2,summer,Editor,C:/Users/newbi/CLionProjects/summer/main.cpp,,0,6,Changes
2023-06-26T17:09:22.533+09:00,newbi,Action,$Undo,summer,Editor,C:/Users/newbi/CLionProjects/summer/main.cpp,,0,6,Changes
2023-06-26T17:09:22.535+09:00,newbi,KeyEvent,26:90:2,summer,Editor,C:/Users/newbi/CLionProjects/summer/main.cpp,,17,1,Changes
2023-06-26T17:09:24.058+09:00,newbi,KeyEvent,65535:17:2,summer,Editor,C:/Users/newbi/CLionProjects/summer/main.cpp,,17,1,Changes
2023-06-26T17:09:24.114+09:00,newbi,Action,$Undo,summer,Editor,C:/Users/newbi/CLionProjects/summer/main.cpp,,17,1,Changes
2023-06-26T17:09:24.117+09:00,newbi,KeyEvent,26:90:2,summer,Editor,C:/Users/newbi/CLionProjects/summer/main.cpp,,20,0,Changes
2023-06-26T17:09:30.517+09:00,newbi,KeyEvent,65535:17:2,summer,Editor,C:/Users/newbi/CLionProjects/summer/main.cpp,,28,1,Changes
2023-06-26T17:09:30.731+09:00,newbi,Action,EditorPaste,summer,Editor,C:/Users/newbi/CLionProjects/summer/main.cpp,,28,1,Changes
2023-06-26T17:09:30.751+09:00,newbi,KeyEvent,22:86:2,summer,Editor,C:/Users/newbi/CLionProjects/summer/main.cpp,,23,1,Changes
2023-06-26T17:09:34.354+09:00,newbi,Action,EditorBackSpace,summer,Editor,C:/Users/newbi/CLionProjects/summer/main.cpp,,6,6,Changes
2023-06-26T17:09:34.356+09:00,newbi,KeyEvent,8:8:0,summer,Editor,C:/Users/newbi/CLionProjects/summer/main.cpp,,6,5,Changes
2023-06-26T17:09:34.489+09:00,newbi,Action,EditorBackSpace,summer,Editor,C:/Users/newbi/CLionProjects/summer/main.cpp,,6,5,Changes
2023-06-26T17:09:34.491+09:00,newbi,KeyEvent,8:8:0,summer,Editor,C:/Users/newbi/CLionProjects/summer/main.cpp,,6,4,Changes
2023-06-26T17:09:34.630+09:00,newbi,Action,EditorBackSpace,summer,Editor,C:/Users/newbi/CLionProjects/summer/main.cpp,,6,4,Changes
2023-06-26T17:09:34.632+09:00,newbi,KeyEvent,8:8:0,summer,Editor,C:/Users/newbi/CLionProjects/summer/main.cpp,,6,3,Changes
2023-06-26T17:09:34.787+09:00,newbi,Action,EditorBackSpace,summer,Editor,C:/Users/newbi/CLionProjects/summer/main.cpp,,6,3,Changes
2023-06-26T17:09:34.789+09:00,newbi,KeyEvent,8:8:0,summer,Editor,C:/Users/newbi/CLionProjects/summer/main.cpp,,6,2,Changes
2023-06-26T17:09:34.926+09:00,newbi,Action,EditorBackSpace,summer,Editor,C:/Users/newbi/CLionProjects/summer/main.cpp,,6,2,Changes
2023-06-26T17:09:34.928+09:00,newbi,KeyEvent,8:8:0,summer,Editor,C:/Users/newbi/CLionProjects/summer/main.cpp,,6,1,Changes
2023-06-26T17:09:35.076+09:00,newbi,Action,EditorBackSpace,summer,Editor,C:/Users/newbi/CLionProjects/summer/main.cpp,,6,1,Changes
2023-06-26T17:09:35.078+09:00,newbi,KeyEvent,8:8:0,summer,Editor,C:/Users/newbi/CLionProjects/summer/main.cpp,,6,0,Changes
2023-06-26T17:09:35.397+09:00,newbi,KeyEvent,97:65:0,summer,Editor,C:/Users/newbi/CLionProjects/summer/main.cpp,,6,0,Changes
2023-06-26T17:09:35.584+09:00,newbi,KeyEvent,117:85:0,summer,Editor,C:/Users/newbi/CLionProjects/summer/main.cpp,,6,1,Changes
2023-06-26T17:09:35.677+09:00,newbi,KeyEvent,116:84:0,summer,Editor,C:/Users/newbi/CLionProjects/summer/main.cpp,,6,2,Changes
2023-06-26T17:09:35.733+09:00,newbi,KeyEvent,111:79:0,summer,Editor,C:/Users/newbi/CLionProjects/summer/main.cpp,,6,3,Changes
2023-06-26T17:09:36.153+09:00,newbi,Action,EditorRight,summer,Editor,C:/Users/newbi/CLionProjects/summer/main.cpp,,6,4,Changes
2023-06-26T17:09:36.160+09:00,newbi,KeyEvent,65535:39:0,summer,Editor,C:/Users/newbi/CLionProjects/summer/main.cpp,,6,5,Changes
2023-06-26T17:09:36.357+09:00,newbi,Action,EditorRight,summer,Editor,C:/Users/newbi/CLionProjects/summer/main.cpp,,6,5,Changes
2023-06-26T17:09:36.359+09:00,newbi,KeyEvent,65535:39:0,summer,Editor,C:/Users/newbi/CLionProjects/summer/main.cpp,,6,6,Changes
2023-06-26T17:09:36.961+09:00,newbi,Action,EditorRight,summer,Editor,C:/Users/newbi/CLionProjects/summer/main.cpp,,6,6,Changes
2023-06-26T17:09:36.963+09:00,newbi,KeyEvent,65535:39:0,summer,Editor,C:/Users/newbi/CLionProjects/summer/main.cpp,,6,7,Changes
2023-06-26T17:09:36.990+09:00,newbi,Action,EditorRight,summer,Editor,C:/Users/newbi/CLionProjects/summer/main.cpp,,6,7,Changes
2023-06-26T17:09:36.992+09:00,newbi,KeyEvent,65535:39:0,summer,Editor,C:/Users/newbi/CLionProjects/summer/main.cpp,,6,8,Changes
2023-06-26T17:09:37.000+09:00,newbi,Action,EditorDown,summer,Editor,C:/Users/newbi/CLionProjects/summer/main.cpp,,6,8,Changes
2023-06-26T17:09:37.001+09:00,newbi,KeyEvent,65535:40:0,summer,Editor,C:/Users/newbi/CLionProjects/summer/main.cpp,,7,8,Changes
2023-06-26T17:09:37.196+09:00,newbi,Action,EditorDown,summer,Editor,C:/Users/newbi/CLionProjects/summer/main.cpp,,7,8,Changes
2023-06-26T17:09:37.198+09:00,newbi,KeyEvent,65535:40:0,summer,Editor,C:/Users/newbi/CLionProjects/summer/main.cpp,,8,1,Changes
2023-06-26T17:09:37.386+09:00,newbi,Action,EditorRight,summer,Editor,C:/Users/newbi/CLionProjects/summer/main.cpp,,8,1,Changes
2023-06-26T17:09:37.388+09:00,newbi,KeyEvent,65535:39:0,summer,Editor,C:/Users/newbi/CLionProjects/summer/main.cpp,,9,0,Changes
2023-06-26T17:09:37.708+09:00,newbi,Action,EditorDown,summer,Editor,C:/Users/newbi/CLionProjects/summer/main.cpp,,9,0,Changes
2023-06-26T17:09:37.709+09:00,newbi,KeyEvent,65535:40:0,summer,Editor,C:/Users/newbi/CLionProjects/summer/main.cpp,,10,0,Changes
2023-06-26T17:09:37.874+09:00,newbi,Action,EditorDown,summer,Editor,C:/Users/newbi/CLionProjects/summer/main.cpp,,10,0,Changes
2023-06-26T17:09:37.875+09:00,newbi,KeyEvent,65535:40:0,summer,Editor,C:/Users/newbi/CLionProjects/summer/main.cpp,,11,0,Changes
2023-06-26T17:09:38.080+09:00,newbi,Action,EditorRight,summer,Editor,C:/Users/newbi/CLionProjects/summer/main.cpp,,11,0,Changes
2023-06-26T17:09:38.082+09:00,newbi,KeyEvent,65535:39:0,summer,Editor,C:/Users/newbi/CLionProjects/summer/main.cpp,,11,1,Changes
2023-06-26T17:09:38.683+09:00,newbi,Action,EditorRight,summer,Editor,C:/Users/newbi/CLionProjects/summer/main.cpp,,11,1,Changes
2023-06-26T17:09:38.684+09:00,newbi,KeyEvent,65535:39:0,summer,Editor,C:/Users/newbi/CLionProjects/summer/main.cpp,,11,2,Changes
2023-06-26T17:09:38.713+09:00,newbi,Action,EditorRight,summer,Editor,C:/Users/newbi/CLionProjects/summer/main.cpp,,11,2,Changes
2023-06-26T17:09:38.714+09:00,newbi,KeyEvent,65535:39:0,summer,Editor,C:/Users/newbi/CLionProjects/summer/main.cpp,,11,3,Changes
2023-06-26T17:09:38.743+09:00,newbi,Action,EditorRight,summer,Editor,C:/Users/newbi/CLionProjects/summer/main.cpp,,11,3,Changes
2023-06-26T17:09:38.744+09:00,newbi,KeyEvent,65535:39:0,summer,Editor,C:/Users/newbi/CLionProjects/summer/main.cpp,,11,4,Changes
2023-06-26T17:09:38.773+09:00,newbi,Action,EditorRight,summer,Editor,C:/Users/newbi/CLionProjects/summer/main.cpp,,11,4,Changes
2023-06-26T17:09:38.774+09:00,newbi,KeyEvent,65535:39:0,summer,Editor,C:/Users/newbi/CLionProjects/summer/main.cpp,,11,5,Changes
2023-06-26T17:09:38.804+09:00,newbi,Action,EditorRight,summer,Editor,C:/Users/newbi/CLionProjects/summer/main.cpp,,11,5,Changes
2023-06-26T17:09:38.805+09:00,newbi,KeyEvent,65535:39:0,summer,Editor,C:/Users/newbi/CLionProjects/summer/main.cpp,,11,6,Changes
2023-06-26T17:09:38.833+09:00,newbi,Action,EditorRight,summer,Editor,C:/Users/newbi/CLionProjects/summer/main.cpp,,11,6,Changes
2023-06-26T17:09:38.834+09:00,newbi,KeyEvent,65535:39:0,summer,Editor,C:/Users/newbi/CLionProjects/summer/main.cpp,,11,7,Changes
2023-06-26T17:09:38.864+09:00,newbi,Action,EditorRight,summer,Editor,C:/Users/newbi/CLionProjects/summer/main.cpp,,11,7,Changes
2023-06-26T17:09:38.865+09:00,newbi,KeyEvent,65535:39:0,summer,Editor,C:/Users/newbi/CLionProjects/summer/main.cpp,,11,8,Changes
2023-06-26T17:09:38.893+09:00,newbi,Action,EditorRight,summer,Editor,C:/Users/newbi/CLionProjects/summer/main.cpp,,11,8,Changes
2023-06-26T17:09:38.894+09:00,newbi,KeyEvent,65535:39:0,summer,Editor,C:/Users/newbi/CLionProjects/summer/main.cpp,,11,9,Changes
2023-06-26T17:09:38.924+09:00,newbi,Action,EditorRight,summer,Editor,C:/Users/newbi/CLionProjects/summer/main.cpp,,11,9,Changes
2023-06-26T17:09:38.925+09:00,newbi,KeyEvent,65535:39:0,summer,Editor,C:/Users/newbi/CLionProjects/summer/main.cpp,,11,10,Changes
2023-06-26T17:09:38.954+09:00,newbi,Action,EditorRight,summer,Editor,C:/Users/newbi/CLionProjects/summer/main.cpp,,11,10,Changes
2023-06-26T17:09:38.955+09:00,newbi,KeyEvent,65535:39:0,summer,Editor,C:/Users/newbi/CLionProjects/summer/main.cpp,,11,11,Changes
2023-06-26T17:09:39.361+09:00,newbi,Action,EditorLeft,summer,Editor,C:/Users/newbi/CLionProjects/summer/main.cpp,,11,11,Changes
2023-06-26T17:09:39.362+09:00,newbi,KeyEvent,65535:37:0,summer,Editor,C:/Users/newbi/CLionProjects/summer/main.cpp,,11,10,Changes
2023-06-26T17:09:39.576+09:00,newbi,KeyEvent,65535:16:1,summer,Editor,C:/Users/newbi/CLionProjects/summer/main.cpp,,11,10,Changes
2023-06-26T17:09:39.733+09:00,newbi,Action,EditorLeftWithSelection,summer,Editor,C:/Users/newbi/CLionProjects/summer/main.cpp,,11,10,Changes
2023-06-26T17:09:39.735+09:00,newbi,KeyEvent,65535:37:1,summer,Editor,C:/Users/newbi/CLionProjects/summer/main.cpp,,11,9,Changes
2023-06-26T17:09:40.334+09:00,newbi,Action,EditorLeftWithSelection,summer,Editor,C:/Users/newbi/CLionProjects/summer/main.cpp,,11,9,Changes
2023-06-26T17:09:40.336+09:00,newbi,KeyEvent,65535:37:1,summer,Editor,C:/Users/newbi/CLionProjects/summer/main.cpp,,11,8,Changes
2023-06-26T17:09:40.365+09:00,newbi,Action,EditorLeftWithSelection,summer,Editor,C:/Users/newbi/CLionProjects/summer/main.cpp,,11,8,Changes
2023-06-26T17:09:40.366+09:00,newbi,KeyEvent,65535:37:1,summer,Editor,C:/Users/newbi/CLionProjects/summer/main.cpp,,11,7,Changes
2023-06-26T17:09:40.396+09:00,newbi,Action,EditorLeftWithSelection,summer,Editor,C:/Users/newbi/CLionProjects/summer/main.cpp,,11,7,Changes
2023-06-26T17:09:40.397+09:00,newbi,KeyEvent,65535:37:1,summer,Editor,C:/Users/newbi/CLionProjects/summer/main.cpp,,11,6,Changes
2023-06-26T17:09:40.425+09:00,newbi,Action,EditorLeftWithSelection,summer,Editor,C:/Users/newbi/CLionProjects/summer/main.cpp,,11,6,Changes
2023-06-26T17:09:40.426+09:00,newbi,KeyEvent,65535:37:1,summer,Editor,C:/Users/newbi/CLionProjects/summer/main.cpp,,11,5,Changes
2023-06-26T17:09:40.456+09:00,newbi,Action,EditorLeftWithSelection,summer,Editor,C:/Users/newbi/CLionProjects/summer/main.cpp,,11,5,Changes
2023-06-26T17:09:40.457+09:00,newbi,KeyEvent,65535:37:1,summer,Editor,C:/Users/newbi/CLionProjects/summer/main.cpp,,11,4,Changes
2023-06-26T17:09:41.032+09:00,newbi,KeyEvent,97:65:0,summer,Editor,C:/Users/newbi/CLionProjects/summer/main.cpp,,11,4,Changes
2023-06-26T17:09:41.142+09:00,newbi,KeyEvent,117:85:0,summer,Editor,C:/Users/newbi/CLionProjects/summer/main.cpp,,11,5,Changes
2023-06-26T17:09:41.232+09:00,newbi,KeyEvent,116:84:0,summer,Editor,C:/Users/newbi/CLionProjects/summer/main.cpp,,11,6,Changes
2023-06-26T17:09:41.299+09:00,newbi,KeyEvent,111:79:0,summer,Editor,C:/Users/newbi/CLionProjects/summer/main.cpp,,11,7,Changes
2023-06-26T17:09:41.687+09:00,newbi,Action,EditorRight,summer,Editor,C:/Users/newbi/CLionProjects/summer/main.cpp,,11,8,Changes
2023-06-26T17:09:41.692+09:00,newbi,KeyEvent,65535:39:0,summer,Editor,C:/Users/newbi/CLionProjects/summer/main.cpp,,11,9,Changes
2023-06-26T17:09:41.856+09:00,newbi,Action,EditorDown,summer,Editor,C:/Users/newbi/CLionProjects/summer/main.cpp,,11,9,Changes
2023-06-26T17:09:41.857+09:00,newbi,KeyEvent,65535:40:0,summer,Editor,C:/Users/newbi/CLionProjects/summer/main.cpp,,12,9,Changes
2023-06-26T17:09:42.119+09:00,newbi,Action,EditorRight,summer,Editor,C:/Users/newbi/CLionProjects/summer/main.cpp,,12,9,Changes
2023-06-26T17:09:42.120+09:00,newbi,KeyEvent,65535:39:0,summer,Editor,C:/Users/newbi/CLionProjects/summer/main.cpp,,12,10,Changes
2023-06-26T17:09:42.397+09:00,newbi,KeyEvent,65535:16:1,summer,Editor,C:/Users/newbi/CLionProjects/summer/main.cpp,,12,10,Changes
2023-06-26T17:09:42.515+09:00,newbi,Action,EditorLeftWithSelection,summer,Editor,C:/Users/newbi/CLionProjects/summer/main.cpp,,12,10,Changes
2023-06-26T17:09:42.516+09:00,newbi,KeyEvent,65535:37:1,summer,Editor,C:/Users/newbi/CLionProjects/summer/main.cpp,,12,9,Changes
2023-06-26T17:09:43.102+09:00,newbi,Action,EditorLeftWithSelection,summer,Editor,C:/Users/newbi/CLionProjects/summer/main.cpp,,12,9,Changes
2023-06-26T17:09:43.103+09:00,newbi,KeyEvent,65535:37:1,summer,Editor,C:/Users/newbi/CLionProjects/summer/main.cpp,,12,8,Changes
2023-06-26T17:09:43.131+09:00,newbi,Action,EditorLeftWithSelection,summer,Editor,C:/Users/newbi/CLionProjects/summer/main.cpp,,12,8,Changes
2023-06-26T17:09:43.132+09:00,newbi,KeyEvent,65535:37:1,summer,Editor,C:/Users/newbi/CLionProjects/summer/main.cpp,,12,7,Changes
2023-06-26T17:09:43.162+09:00,newbi,Action,EditorLeftWithSelection,summer,Editor,C:/Users/newbi/CLionProjects/summer/main.cpp,,12,7,Changes
2023-06-26T17:09:43.163+09:00,newbi,KeyEvent,65535:37:1,summer,Editor,C:/Users/newbi/CLionProjects/summer/main.cpp,,12,6,Changes
2023-06-26T17:09:43.458+09:00,newbi,Action,EditorLeftWithSelection,summer,Editor,C:/Users/newbi/CLionProjects/summer/main.cpp,,12,6,Changes
2023-06-26T17:09:43.459+09:00,newbi,KeyEvent,65535:37:1,summer,Editor,C:/Users/newbi/CLionProjects/summer/main.cpp,,12,5,Changes
2023-06-26T17:09:43.645+09:00,newbi,Action,EditorLeftWithSelection,summer,Editor,C:/Users/newbi/CLionProjects/summer/main.cpp,,12,5,Changes
2023-06-26T17:09:43.647+09:00,newbi,KeyEvent,65535:37:1,summer,Editor,C:/Users/newbi/CLionProjects/summer/main.cpp,,12,4,Changes
2023-06-26T17:09:44.035+09:00,newbi,KeyEvent,97:65:0,summer,Editor,C:/Users/newbi/CLionProjects/summer/main.cpp,,12,4,Changes
2023-06-26T17:09:44.130+09:00,newbi,KeyEvent,117:85:0,summer,Editor,C:/Users/newbi/CLionProjects/summer/main.cpp,,12,5,Changes
2023-06-26T17:09:44.240+09:00,newbi,KeyEvent,116:84:0,summer,Editor,C:/Users/newbi/CLionProjects/summer/main.cpp,,12,6,Changes
2023-06-26T17:09:44.308+09:00,newbi,KeyEvent,111:79:0,summer,Editor,C:/Users/newbi/CLionProjects/summer/main.cpp,,12,7,Changes
2023-06-26T17:09:44.681+09:00,newbi,Action,EditorRight,summer,Editor,C:/Users/newbi/CLionProjects/summer/main.cpp,,12,8,Changes
2023-06-26T17:09:44.688+09:00,newbi,KeyEvent,65535:39:0,summer,Editor,C:/Users/newbi/CLionProjects/summer/main.cpp,,12,9,Changes
2023-06-26T17:09:44.895+09:00,newbi,Action,EditorDown,summer,Editor,C:/Users/newbi/CLionProjects/summer/main.cpp,,12,9,Changes
2023-06-26T17:09:44.897+09:00,newbi,KeyEvent,65535:40:0,summer,Editor,C:/Users/newbi/CLionProjects/summer/main.cpp,,13,0,Changes
2023-06-26T17:09:49.300+09:00,newbi,Action,EditorBackSpace,summer,Editor,C:/Users/newbi/CLionProjects/summer/main.cpp,,14,4,Changes
2023-06-26T17:09:49.302+09:00,newbi,KeyEvent,8:8:0,summer,Editor,C:/Users/newbi/CLionProjects/summer/main.cpp,,14,4,Changes
2023-06-26T17:09:52.960+09:00,newbi,KeyEvent,97:65:0,summer,Editor,C:/Users/newbi/CLionProjects/summer/main.cpp,,15,4,Changes
2023-06-26T17:09:53.109+09:00,newbi,KeyEvent,117:85:0,summer,Editor,C:/Users/newbi/CLionProjects/summer/main.cpp,,15,5,Changes
2023-06-26T17:09:53.179+09:00,newbi,KeyEvent,116:84:0,summer,Editor,C:/Users/newbi/CLionProjects/summer/main.cpp,,15,6,Changes
2023-06-26T17:09:53.240+09:00,newbi,KeyEvent,111:79:0,summer,Editor,C:/Users/newbi/CLionProjects/summer/main.cpp,,15,7,Changes
2023-06-26T17:09:53.795+09:00,newbi,Action,EditorRight,summer,Editor,C:/Users/newbi/CLionProjects/summer/main.cpp,,15,8,Changes
2023-06-26T17:09:53.802+09:00,newbi,KeyEvent,65535:39:0,summer,Editor,C:/Users/newbi/CLionProjects/summer/main.cpp,,15,9,Changes
2023-06-26T17:09:54.397+09:00,newbi,Action,EditorRight,summer,Editor,C:/Users/newbi/CLionProjects/summer/main.cpp,,15,9,Changes
2023-06-26T17:09:54.397+09:00,newbi,KeyEvent,65535:39:0,summer,Editor,C:/Users/newbi/CLionProjects/summer/main.cpp,,15,10,Changes
2023-06-26T17:09:54.426+09:00,newbi,Action,EditorRight,summer,Editor,C:/Users/newbi/CLionProjects/summer/main.cpp,,15,10,Changes
2023-06-26T17:09:54.428+09:00,newbi,KeyEvent,65535:39:0,summer,Editor,C:/Users/newbi/CLionProjects/summer/main.cpp,,15,11,Changes
2023-06-26T17:09:54.456+09:00,newbi,Action,EditorRight,summer,Editor,C:/Users/newbi/CLionProjects/summer/main.cpp,,15,11,Changes
2023-06-26T17:09:54.458+09:00,newbi,KeyEvent,65535:39:0,summer,Editor,C:/Users/newbi/CLionProjects/summer/main.cpp,,15,12,Changes
2023-06-26T17:09:54.487+09:00,newbi,Action,EditorRight,summer,Editor,C:/Users/newbi/CLionProjects/summer/main.cpp,,15,12,Changes
2023-06-26T17:09:54.488+09:00,newbi,KeyEvent,65535:39:0,summer,Editor,C:/Users/newbi/CLionProjects/summer/main.cpp,,15,13,Changes
2023-06-26T17:09:54.517+09:00,newbi,Action,EditorRight,summer,Editor,C:/Users/newbi/CLionProjects/summer/main.cpp,,15,13,Changes
2023-06-26T17:09:54.518+09:00,newbi,KeyEvent,65535:39:0,summer,Editor,C:/Users/newbi/CLionProjects/summer/main.cpp,,15,14,Changes
2023-06-26T17:09:54.547+09:00,newbi,Action,EditorRight,summer,Editor,C:/Users/newbi/CLionProjects/summer/main.cpp,,15,14,Changes
2023-06-26T17:09:54.548+09:00,newbi,KeyEvent,65535:39:0,summer,Editor,C:/Users/newbi/CLionProjects/summer/main.cpp,,15,15,Changes
2023-06-26T17:09:54.578+09:00,newbi,Action,EditorRight,summer,Editor,C:/Users/newbi/CLionProjects/summer/main.cpp,,15,15,Changes
2023-06-26T17:09:54.579+09:00,newbi,KeyEvent,65535:39:0,summer,Editor,C:/Users/newbi/CLionProjects/summer/main.cpp,,15,16,Changes
2023-06-26T17:09:54.608+09:00,newbi,Action,EditorRight,summer,Editor,C:/Users/newbi/CLionProjects/summer/main.cpp,,15,16,Changes
2023-06-26T17:09:54.609+09:00,newbi,KeyEvent,65535:39:0,summer,Editor,C:/Users/newbi/CLionProjects/summer/main.cpp,,15,16,Changes
2023-06-26T17:09:54.639+09:00,newbi,Action,EditorRight,summer,Editor,C:/Users/newbi/CLionProjects/summer/main.cpp,,15,16,Changes
2023-06-26T17:09:54.640+09:00,newbi,KeyEvent,65535:39:0,summer,Editor,C:/Users/newbi/CLionProjects/summer/main.cpp,,15,17,Changes
2023-06-26T17:09:54.669+09:00,newbi,Action,EditorRight,summer,Editor,C:/Users/newbi/CLionProjects/summer/main.cpp,,15,17,Changes
2023-06-26T17:09:54.671+09:00,newbi,KeyEvent,65535:39:0,summer,Editor,C:/Users/newbi/CLionProjects/summer/main.cpp,,15,18,Changes
2023-06-26T17:09:54.699+09:00,newbi,Action,EditorRight,summer,Editor,C:/Users/newbi/CLionProjects/summer/main.cpp,,15,18,Changes
2023-06-26T17:09:54.700+09:00,newbi,KeyEvent,65535:39:0,summer,Editor,C:/Users/newbi/CLionProjects/summer/main.cpp,,15,19,Changes
2023-06-26T17:09:54.728+09:00,newbi,Action,EditorRight,summer,Editor,C:/Users/newbi/CLionProjects/summer/main.cpp,,15,19,Changes
2023-06-26T17:09:54.730+09:00,newbi,KeyEvent,65535:39:0,summer,Editor,C:/Users/newbi/CLionProjects/summer/main.cpp,,15,20,Changes
2023-06-26T17:09:54.758+09:00,newbi,Action,EditorRight,summer,Editor,C:/Users/newbi/CLionProjects/summer/main.cpp,,15,20,Changes
2023-06-26T17:09:54.759+09:00,newbi,KeyEvent,65535:39:0,summer,Editor,C:/Users/newbi/CLionProjects/summer/main.cpp,,15,21,Changes
2023-06-26T17:09:54.789+09:00,newbi,Action,EditorRight,summer,Editor,C:/Users/newbi/CLionProjects/summer/main.cpp,,15,21,Changes
2023-06-26T17:09:54.791+09:00,newbi,KeyEvent,65535:39:0,summer,Editor,C:/Users/newbi/CLionProjects/summer/main.cpp,,15,22,Changes
2023-06-26T17:09:54.819+09:00,newbi,Action,EditorRight,summer,Editor,C:/Users/newbi/CLionProjects/summer/main.cpp,,15,22,Changes
2023-06-26T17:09:54.820+09:00,newbi,KeyEvent,65535:39:0,summer,Editor,C:/Users/newbi/CLionProjects/summer/main.cpp,,15,23,Changes
2023-06-26T17:09:54.849+09:00,newbi,Action,EditorRight,summer,Editor,C:/Users/newbi/CLionProjects/summer/main.cpp,,15,23,Changes
2023-06-26T17:09:54.851+09:00,newbi,KeyEvent,65535:39:0,summer,Editor,C:/Users/newbi/CLionProjects/summer/main.cpp,,15,24,Changes
2023-06-26T17:09:54.879+09:00,newbi,Action,EditorRight,summer,Editor,C:/Users/newbi/CLionProjects/summer/main.cpp,,15,24,Changes
2023-06-26T17:09:54.880+09:00,newbi,KeyEvent,65535:39:0,summer,Editor,C:/Users/newbi/CLionProjects/summer/main.cpp,,15,25,Changes
2023-06-26T17:09:54.909+09:00,newbi,Action,EditorRight,summer,Editor,C:/Users/newbi/CLionProjects/summer/main.cpp,,15,25,Changes
2023-06-26T17:09:54.910+09:00,newbi,KeyEvent,65535:39:0,summer,Editor,C:/Users/newbi/CLionProjects/summer/main.cpp,,15,26,Changes
2023-06-26T17:09:54.939+09:00,newbi,Action,EditorRight,summer,Editor,C:/Users/newbi/CLionProjects/summer/main.cpp,,15,26,Changes
2023-06-26T17:09:54.940+09:00,newbi,KeyEvent,65535:39:0,summer,Editor,C:/Users/newbi/CLionProjects/summer/main.cpp,,15,27,Changes
2023-06-26T17:09:54.971+09:00,newbi,Action,EditorRight,summer,Editor,C:/Users/newbi/CLionProjects/summer/main.cpp,,15,27,Changes
2023-06-26T17:09:54.972+09:00,newbi,KeyEvent,65535:39:0,summer,Editor,C:/Users/newbi/CLionProjects/summer/main.cpp,,15,28,Changes
2023-06-26T17:09:55.000+09:00,newbi,Action,EditorRight,summer,Editor,C:/Users/newbi/CLionProjects/summer/main.cpp,,15,28,Changes
2023-06-26T17:09:55.002+09:00,newbi,KeyEvent,65535:39:0,summer,Editor,C:/Users/newbi/CLionProjects/summer/main.cpp,,15,29,Changes
2023-06-26T17:09:55.029+09:00,newbi,Action,EditorRight,summer,Editor,C:/Users/newbi/CLionProjects/summer/main.cpp,,15,29,Changes
2023-06-26T17:09:55.030+09:00,newbi,KeyEvent,65535:39:0,summer,Editor,C:/Users/newbi/CLionProjects/summer/main.cpp,,15,30,Changes
2023-06-26T17:09:55.060+09:00,newbi,Action,EditorRight,summer,Editor,C:/Users/newbi/CLionProjects/summer/main.cpp,,15,30,Changes
2023-06-26T17:09:55.061+09:00,newbi,KeyEvent,65535:39:0,summer,Editor,C:/Users/newbi/CLionProjects/summer/main.cpp,,15,30,Changes
2023-06-26T17:09:55.090+09:00,newbi,Action,EditorRight,summer,Editor,C:/Users/newbi/CLionProjects/summer/main.cpp,,15,30,Changes
2023-06-26T17:09:55.091+09:00,newbi,KeyEvent,65535:39:0,summer,Editor,C:/Users/newbi/CLionProjects/summer/main.cpp,,15,31,Changes
2023-06-26T17:09:55.120+09:00,newbi,Action,EditorRight,summer,Editor,C:/Users/newbi/CLionProjects/summer/main.cpp,,15,31,Changes
2023-06-26T17:09:55.121+09:00,newbi,KeyEvent,65535:39:0,summer,Editor,C:/Users/newbi/CLionProjects/summer/main.cpp,,15,32,Changes
2023-06-26T17:09:55.150+09:00,newbi,Action,EditorRight,summer,Editor,C:/Users/newbi/CLionProjects/summer/main.cpp,,15,32,Changes
2023-06-26T17:09:55.152+09:00,newbi,KeyEvent,65535:39:0,summer,Editor,C:/Users/newbi/CLionProjects/summer/main.cpp,,15,33,Changes
2023-06-26T17:09:55.180+09:00,newbi,Action,EditorRight,summer,Editor,C:/Users/newbi/CLionProjects/summer/main.cpp,,15,33,Changes
2023-06-26T17:09:55.181+09:00,newbi,KeyEvent,65535:39:0,summer,Editor,C:/Users/newbi/CLionProjects/summer/main.cpp,,15,34,Changes
2023-06-26T17:09:55.210+09:00,newbi,Action,EditorRight,summer,Editor,C:/Users/newbi/CLionProjects/summer/main.cpp,,15,34,Changes
2023-06-26T17:09:55.211+09:00,newbi,KeyEvent,65535:39:0,summer,Editor,C:/Users/newbi/CLionProjects/summer/main.cpp,,15,35,Changes
2023-06-26T17:09:55.240+09:00,newbi,Action,EditorRight,summer,Editor,C:/Users/newbi/CLionProjects/summer/main.cpp,,15,35,Changes
2023-06-26T17:09:55.241+09:00,newbi,KeyEvent,65535:39:0,summer,Editor,C:/Users/newbi/CLionProjects/summer/main.cpp,,15,36,Changes
2023-06-26T17:09:55.270+09:00,newbi,Action,EditorRight,summer,Editor,C:/Users/newbi/CLionProjects/summer/main.cpp,,15,36,Changes
2023-06-26T17:09:55.271+09:00,newbi,KeyEvent,65535:39:0,summer,Editor,C:/Users/newbi/CLionProjects/summer/main.cpp,,15,37,Changes
2023-06-26T17:09:55.301+09:00,newbi,Action,EditorRight,summer,Editor,C:/Users/newbi/CLionProjects/summer/main.cpp,,15,37,Changes
2023-06-26T17:09:55.302+09:00,newbi,KeyEvent,65535:39:0,summer,Editor,C:/Users/newbi/CLionProjects/summer/main.cpp,,15,38,Changes
2023-06-26T17:09:55.330+09:00,newbi,Action,EditorRight,summer,Editor,C:/Users/newbi/CLionProjects/summer/main.cpp,,15,38,Changes
2023-06-26T17:09:55.331+09:00,newbi,KeyEvent,65535:39:0,summer,Editor,C:/Users/newbi/CLionProjects/summer/main.cpp,,15,38,Changes
2023-06-26T17:09:55.361+09:00,newbi,Action,EditorDown,summer,Editor,C:/Users/newbi/CLionProjects/summer/main.cpp,,15,38,Changes
2023-06-26T17:09:55.363+09:00,newbi,KeyEvent,65535:40:0,summer,Editor,C:/Users/newbi/CLionProjects/summer/main.cpp,,16,32,Changes
2023-06-26T17:09:55.626+09:00,newbi,Action,EditorLeft,summer,Editor,C:/Users/newbi/CLionProjects/summer/main.cpp,,16,32,Changes
2023-06-26T17:09:55.628+09:00,newbi,KeyEvent,65535:37:0,summer,Editor,C:/Users/newbi/CLionProjects/summer/main.cpp,,16,31,Changes
2023-06-26T17:09:58.598+09:00,newbi,KeyEvent,97:65:0,summer,Editor,C:/Users/newbi/CLionProjects/summer/main.cpp,,19,4,Changes
2023-06-26T17:09:58.799+09:00,newbi,KeyEvent,117:85:0,summer,Editor,C:/Users/newbi/CLionProjects/summer/main.cpp,,19,5,Changes
2023-06-26T17:09:58.870+09:00,newbi,KeyEvent,116:84:0,summer,Editor,C:/Users/newbi/CLionProjects/summer/main.cpp,,19,6,Changes
2023-06-26T17:09:58.935+09:00,newbi,KeyEvent,111:79:0,summer,Editor,C:/Users/newbi/CLionProjects/summer/main.cpp,,19,7,Changes
2023-06-26T17:09:59.767+09:00,newbi,Action,EditorRight,summer,Editor,C:/Users/newbi/CLionProjects/summer/main.cpp,,19,8,Changes
2023-06-26T17:09:59.774+09:00,newbi,KeyEvent,65535:39:0,summer,Editor,C:/Users/newbi/CLionProjects/summer/main.cpp,,19,9,Changes
2023-06-26T17:09:59.926+09:00,newbi,Action,EditorRight,summer,Editor,C:/Users/newbi/CLionProjects/summer/main.cpp,,19,9,Changes
2023-06-26T17:09:59.927+09:00,newbi,KeyEvent,65535:39:0,summer,Editor,C:/Users/newbi/CLionProjects/summer/main.cpp,,19,10,Changes
2023-06-26T17:10:00.101+09:00,newbi,Action,EditorRight,summer,Editor,C:/Users/newbi/CLionProjects/summer/main.cpp,,19,10,Changes
2023-06-26T17:10:00.103+09:00,newbi,KeyEvent,65535:39:0,summer,Editor,C:/Users/newbi/CLionProjects/summer/main.cpp,,19,11,Changes
2023-06-26T17:10:00.323+09:00,newbi,Action,EditorDown,summer,Editor,C:/Users/newbi/CLionProjects/summer/main.cpp,,19,11,Changes
2023-06-26T17:10:00.324+09:00,newbi,KeyEvent,65535:40:0,summer,Editor,C:/Users/newbi/CLionProjects/summer/main.cpp,,20,11,Changes
2023-06-26T17:10:00.559+09:00,newbi,Action,EditorRight,summer,Editor,C:/Users/newbi/CLionProjects/summer/main.cpp,,20,11,Changes
2023-06-26T17:10:00.561+09:00,newbi,KeyEvent,65535:39:0,summer,Editor,C:/Users/newbi/CLionProjects/summer/main.cpp,,20,12,Changes
2023-06-26T17:10:00.736+09:00,newbi,Action,EditorRight,summer,Editor,C:/Users/newbi/CLionProjects/summer/main.cpp,,20,12,Changes
2023-06-26T17:10:00.738+09:00,newbi,KeyEvent,65535:39:0,summer,Editor,C:/Users/newbi/CLionProjects/summer/main.cpp,,20,13,Changes
2023-06-26T17:10:00.904+09:00,newbi,Action,EditorRight,summer,Editor,C:/Users/newbi/CLionProjects/summer/main.cpp,,20,13,Changes
2023-06-26T17:10:00.906+09:00,newbi,KeyEvent,65535:39:0,summer,Editor,C:/Users/newbi/CLionProjects/summer/main.cpp,,20,14,Changes
2023-06-26T17:10:01.071+09:00,newbi,Action,EditorRight,summer,Editor,C:/Users/newbi/CLionProjects/summer/main.cpp,,20,14,Changes
2023-06-26T17:10:01.072+09:00,newbi,KeyEvent,65535:39:0,summer,Editor,C:/Users/newbi/CLionProjects/summer/main.cpp,,20,15,Changes
2023-06-26T17:10:01.267+09:00,newbi,Action,EditorLeft,summer,Editor,C:/Users/newbi/CLionProjects/summer/main.cpp,,20,15,Changes
2023-06-26T17:10:01.269+09:00,newbi,KeyEvent,65535:37:0,summer,Editor,C:/Users/newbi/CLionProjects/summer/main.cpp,,20,14,Changes
2023-06-26T17:10:01.468+09:00,newbi,Action,EditorLeft,summer,Editor,C:/Users/newbi/CLionProjects/summer/main.cpp,,20,14,Changes
2023-06-26T17:10:01.469+09:00,newbi,KeyEvent,65535:37:0,summer,Editor,C:/Users/newbi/CLionProjects/summer/main.cpp,,20,13,Changes
2023-06-26T17:10:01.618+09:00,newbi,Action,EditorLeft,summer,Editor,C:/Users/newbi/CLionProjects/summer/main.cpp,,20,13,Changes
2023-06-26T17:10:01.619+09:00,newbi,KeyEvent,65535:37:0,summer,Editor,C:/Users/newbi/CLionProjects/summer/main.cpp,,20,12,Changes
2023-06-26T17:10:01.779+09:00,newbi,Action,EditorLeft,summer,Editor,C:/Users/newbi/CLionProjects/summer/main.cpp,,20,12,Changes
2023-06-26T17:10:01.780+09:00,newbi,KeyEvent,65535:37:0,summer,Editor,C:/Users/newbi/CLionProjects/summer/main.cpp,,20,11,Changes
2023-06-26T17:10:01.939+09:00,newbi,Action,EditorLeft,summer,Editor,C:/Users/newbi/CLionProjects/summer/main.cpp,,20,11,Changes
2023-06-26T17:10:01.941+09:00,newbi,KeyEvent,65535:37:0,summer,Editor,C:/Users/newbi/CLionProjects/summer/main.cpp,,20,10,Changes
2023-06-26T17:10:02.090+09:00,newbi,Action,EditorLeft,summer,Editor,C:/Users/newbi/CLionProjects/summer/main.cpp,,20,10,Changes
2023-06-26T17:10:02.092+09:00,newbi,KeyEvent,65535:37:0,summer,Editor,C:/Users/newbi/CLionProjects/summer/main.cpp,,20,9,Changes
2023-06-26T17:10:02.678+09:00,newbi,Action,EditorUp,summer,Editor,C:/Users/newbi/CLionProjects/summer/main.cpp,,20,9,Changes
2023-06-26T17:10:02.680+09:00,newbi,KeyEvent,65535:38:0,summer,Editor,C:/Users/newbi/CLionProjects/summer/main.cpp,,19,9,Changes
2023-06-26T17:10:02.844+09:00,newbi,Action,EditorUp,summer,Editor,C:/Users/newbi/CLionProjects/summer/main.cpp,,19,9,Changes
2023-06-26T17:10:02.845+09:00,newbi,KeyEvent,65535:38:0,summer,Editor,C:/Users/newbi/CLionProjects/summer/main.cpp,,18,0,Changes
2023-06-26T17:10:03.005+09:00,newbi,Action,EditorUp,summer,Editor,C:/Users/newbi/CLionProjects/summer/main.cpp,,18,0,Changes
2023-06-26T17:10:03.006+09:00,newbi,KeyEvent,65535:38:0,summer,Editor,C:/Users/newbi/CLionProjects/summer/main.cpp,,17,9,Changes
2023-06-26T17:10:03.165+09:00,newbi,Action,EditorUp,summer,Editor,C:/Users/newbi/CLionProjects/summer/main.cpp,,17,9,Changes
2023-06-26T17:10:03.166+09:00,newbi,KeyEvent,65535:38:0,summer,Editor,C:/Users/newbi/CLionProjects/summer/main.cpp,,16,9,Changes
2023-06-26T17:10:03.512+09:00,newbi,Action,EditorDown,summer,Editor,C:/Users/newbi/CLionProjects/summer/main.cpp,,16,9,Changes
2023-06-26T17:10:03.513+09:00,newbi,KeyEvent,65535:40:0,summer,Editor,C:/Users/newbi/CLionProjects/summer/main.cpp,,17,9,Changes
2023-06-26T17:10:03.933+09:00,newbi,Action,EditorBackSpace,summer,Editor,C:/Users/newbi/CLionProjects/summer/main.cpp,,17,9,Changes
2023-06-26T17:10:03.935+09:00,newbi,KeyEvent,8:8:0,summer,Editor,C:/Users/newbi/CLionProjects/summer/main.cpp,,17,8,Changes
2023-06-26T17:10:04.078+09:00,newbi,Action,EditorBackSpace,summer,Editor,C:/Users/newbi/CLionProjects/summer/main.cpp,,17,8,Changes
2023-06-26T17:10:04.080+09:00,newbi,KeyEvent,8:8:0,summer,Editor,C:/Users/newbi/CLionProjects/summer/main.cpp,,17,7,Changes
2023-06-26T17:10:04.245+09:00,newbi,Action,EditorBackSpace,summer,Editor,C:/Users/newbi/CLionProjects/summer/main.cpp,,17,7,Changes
2023-06-26T17:10:04.247+09:00,newbi,KeyEvent,8:8:0,summer,Editor,C:/Users/newbi/CLionProjects/summer/main.cpp,,17,6,Changes
2023-06-26T17:10:04.410+09:00,newbi,Action,EditorBackSpace,summer,Editor,C:/Users/newbi/CLionProjects/summer/main.cpp,,17,6,Changes
2023-06-26T17:10:04.412+09:00,newbi,KeyEvent,8:8:0,summer,Editor,C:/Users/newbi/CLionProjects/summer/main.cpp,,17,5,Changes
2023-06-26T17:10:04.556+09:00,newbi,Action,EditorBackSpace,summer,Editor,C:/Users/newbi/CLionProjects/summer/main.cpp,,17,5,Changes
2023-06-26T17:10:04.558+09:00,newbi,KeyEvent,8:8:0,summer,Editor,C:/Users/newbi/CLionProjects/summer/main.cpp,,17,4,Changes
2023-06-26T17:10:05.038+09:00,newbi,Action,EditorDown,summer,Editor,C:/Users/newbi/CLionProjects/summer/main.cpp,,17,4,Changes
2023-06-26T17:10:05.039+09:00,newbi,KeyEvent,65535:40:0,summer,Editor,C:/Users/newbi/CLionProjects/summer/main.cpp,,18,0,Changes
2023-06-26T17:10:05.209+09:00,newbi,Action,EditorDown,summer,Editor,C:/Users/newbi/CLionProjects/summer/main.cpp,,18,0,Changes
2023-06-26T17:10:05.211+09:00,newbi,KeyEvent,65535:40:0,summer,Editor,C:/Users/newbi/CLionProjects/summer/main.cpp,,19,4,Changes
2023-06-26T17:10:05.364+09:00,newbi,Action,EditorDown,summer,Editor,C:/Users/newbi/CLionProjects/summer/main.cpp,,19,4,Changes
2023-06-26T17:10:05.366+09:00,newbi,KeyEvent,65535:40:0,summer,Editor,C:/Users/newbi/CLionProjects/summer/main.cpp,,20,4,Changes
2023-06-26T17:10:05.561+09:00,newbi,Action,EditorRight,summer,Editor,C:/Users/newbi/CLionProjects/summer/main.cpp,,20,4,Changes
2023-06-26T17:10:05.562+09:00,newbi,KeyEvent,65535:39:0,summer,Editor,C:/Users/newbi/CLionProjects/summer/main.cpp,,20,5,Changes
2023-06-26T17:10:06.164+09:00,newbi,Action,EditorRight,summer,Editor,C:/Users/newbi/CLionProjects/summer/main.cpp,,20,5,Changes
2023-06-26T17:10:06.165+09:00,newbi,KeyEvent,65535:39:0,summer,Editor,C:/Users/newbi/CLionProjects/summer/main.cpp,,20,6,Changes
2023-06-26T17:10:06.194+09:00,newbi,Action,EditorRight,summer,Editor,C:/Users/newbi/CLionProjects/summer/main.cpp,,20,6,Changes
2023-06-26T17:10:06.195+09:00,newbi,KeyEvent,65535:39:0,summer,Editor,C:/Users/newbi/CLionProjects/summer/main.cpp,,20,7,Changes
2023-06-26T17:10:06.224+09:00,newbi,Action,EditorRight,summer,Editor,C:/Users/newbi/CLionProjects/summer/main.cpp,,20,7,Changes
2023-06-26T17:10:06.225+09:00,newbi,KeyEvent,65535:39:0,summer,Editor,C:/Users/newbi/CLionProjects/summer/main.cpp,,20,8,Changes
2023-06-26T17:10:06.255+09:00,newbi,Action,EditorRight,summer,Editor,C:/Users/newbi/CLionProjects/summer/main.cpp,,20,8,Changes
2023-06-26T17:10:06.256+09:00,newbi,KeyEvent,65535:39:0,summer,Editor,C:/Users/newbi/CLionProjects/summer/main.cpp,,20,9,Changes
2023-06-26T17:10:06.575+09:00,newbi,Action,EditorLeft,summer,Editor,C:/Users/newbi/CLionProjects/summer/main.cpp,,20,9,Changes
2023-06-26T17:10:06.576+09:00,newbi,KeyEvent,65535:37:0,summer,Editor,C:/Users/newbi/CLionProjects/summer/main.cpp,,20,8,Changes
2023-06-26T17:10:06.767+09:00,newbi,Action,EditorRight,summer,Editor,C:/Users/newbi/CLionProjects/summer/main.cpp,,20,8,Changes
2023-06-26T17:10:06.769+09:00,newbi,KeyEvent,65535:39:0,summer,Editor,C:/Users/newbi/CLionProjects/summer/main.cpp,,20,9,Changes
2023-06-26T17:10:07.103+09:00,newbi,Action,EditorBackSpace,summer,Editor,C:/Users/newbi/CLionProjects/summer/main.cpp,,20,9,Changes
2023-06-26T17:10:07.105+09:00,newbi,KeyEvent,8:8:0,summer,Editor,C:/Users/newbi/CLionProjects/summer/main.cpp,,20,8,Changes
2023-06-26T17:10:07.268+09:00,newbi,Action,EditorBackSpace,summer,Editor,C:/Users/newbi/CLionProjects/summer/main.cpp,,20,8,Changes
2023-06-26T17:10:07.270+09:00,newbi,KeyEvent,8:8:0,summer,Editor,C:/Users/newbi/CLionProjects/summer/main.cpp,,20,7,Changes
2023-06-26T17:10:07.409+09:00,newbi,Action,EditorBackSpace,summer,Editor,C:/Users/newbi/CLionProjects/summer/main.cpp,,20,7,Changes
2023-06-26T17:10:07.410+09:00,newbi,KeyEvent,8:8:0,summer,Editor,C:/Users/newbi/CLionProjects/summer/main.cpp,,20,6,Changes
2023-06-26T17:10:07.559+09:00,newbi,Action,EditorBackSpace,summer,Editor,C:/Users/newbi/CLionProjects/summer/main.cpp,,20,6,Changes
2023-06-26T17:10:07.561+09:00,newbi,KeyEvent,8:8:0,summer,Editor,C:/Users/newbi/CLionProjects/summer/main.cpp,,20,5,Changes
2023-06-26T17:10:07.838+09:00,newbi,Action,EditorBackSpace,summer,Editor,C:/Users/newbi/CLionProjects/summer/main.cpp,,20,5,Changes
2023-06-26T17:10:07.840+09:00,newbi,KeyEvent,8:8:0,summer,Editor,C:/Users/newbi/CLionProjects/summer/main.cpp,,20,4,Changes
2023-06-26T17:10:36.735+09:00,newbi,Action,EditorLeft,summer,Editor,C:/Users/newbi/CLionProjects/summer/main.cpp,,15,58,Changes
2023-06-26T17:10:36.737+09:00,newbi,KeyEvent,65535:37:0,summer,Editor,C:/Users/newbi/CLionProjects/summer/main.cpp,,15,57,Changes
2023-06-26T17:10:37.338+09:00,newbi,Action,EditorLeft,summer,Editor,C:/Users/newbi/CLionProjects/summer/main.cpp,,15,57,Changes
2023-06-26T17:10:37.339+09:00,newbi,KeyEvent,65535:37:0,summer,Editor,C:/Users/newbi/CLionProjects/summer/main.cpp,,15,56,Changes
2023-06-26T17:10:37.367+09:00,newbi,Action,EditorLeft,summer,Editor,C:/Users/newbi/CLionProjects/summer/main.cpp,,15,56,Changes
2023-06-26T17:10:37.368+09:00,newbi,KeyEvent,65535:37:0,summer,Editor,C:/Users/newbi/CLionProjects/summer/main.cpp,,15,55,Changes
2023-06-26T17:10:37.398+09:00,newbi,Action,EditorLeft,summer,Editor,C:/Users/newbi/CLionProjects/summer/main.cpp,,15,55,Changes
2023-06-26T17:10:37.399+09:00,newbi,KeyEvent,65535:37:0,summer,Editor,C:/Users/newbi/CLionProjects/summer/main.cpp,,15,54,Changes
2023-06-26T17:10:37.428+09:00,newbi,Action,EditorLeft,summer,Editor,C:/Users/newbi/CLionProjects/summer/main.cpp,,15,54,Changes
2023-06-26T17:10:37.429+09:00,newbi,KeyEvent,65535:37:0,summer,Editor,C:/Users/newbi/CLionProjects/summer/main.cpp,,15,53,Changes
2023-06-26T17:10:37.458+09:00,newbi,Action,EditorLeft,summer,Editor,C:/Users/newbi/CLionProjects/summer/main.cpp,,15,53,Changes
2023-06-26T17:10:37.459+09:00,newbi,KeyEvent,65535:37:0,summer,Editor,C:/Users/newbi/CLionProjects/summer/main.cpp,,15,52,Changes
2023-06-26T17:10:37.487+09:00,newbi,Action,EditorLeft,summer,Editor,C:/Users/newbi/CLionProjects/summer/main.cpp,,15,52,Changes
2023-06-26T17:10:37.489+09:00,newbi,KeyEvent,65535:37:0,summer,Editor,C:/Users/newbi/CLionProjects/summer/main.cpp,,15,51,Changes
2023-06-26T17:10:37.518+09:00,newbi,Action,EditorLeft,summer,Editor,C:/Users/newbi/CLionProjects/summer/main.cpp,,15,51,Changes
2023-06-26T17:10:37.520+09:00,newbi,KeyEvent,65535:37:0,summer,Editor,C:/Users/newbi/CLionProjects/summer/main.cpp,,15,50,Changes
2023-06-26T17:10:37.548+09:00,newbi,Action,EditorLeft,summer,Editor,C:/Users/newbi/CLionProjects/summer/main.cpp,,15,50,Changes
2023-06-26T17:10:37.549+09:00,newbi,KeyEvent,65535:37:0,summer,Editor,C:/Users/newbi/CLionProjects/summer/main.cpp,,15,49,Changes
2023-06-26T17:10:37.578+09:00,newbi,Action,EditorLeft,summer,Editor,C:/Users/newbi/CLionProjects/summer/main.cpp,,15,49,Changes
2023-06-26T17:10:37.579+09:00,newbi,KeyEvent,65535:37:0,summer,Editor,C:/Users/newbi/CLionProjects/summer/main.cpp,,15,48,Changes
2023-06-26T17:10:37.710+09:00,newbi,Action,EditorLeft,summer,Editor,C:/Users/newbi/CLionProjects/summer/main.cpp,,15,48,Changes
2023-06-26T17:10:37.711+09:00,newbi,KeyEvent,65535:37:0,summer,Editor,C:/Users/newbi/CLionProjects/summer/main.cpp,,15,47,Changes
2023-06-26T17:10:37.856+09:00,newbi,Action,EditorLeft,summer,Editor,C:/Users/newbi/CLionProjects/summer/main.cpp,,15,47,Changes
2023-06-26T17:10:37.857+09:00,newbi,KeyEvent,65535:37:0,summer,Editor,C:/Users/newbi/CLionProjects/summer/main.cpp,,15,46,Changes
2023-06-26T17:10:37.980+09:00,newbi,Action,EditorLeft,summer,Editor,C:/Users/newbi/CLionProjects/summer/main.cpp,,15,46,Changes
2023-06-26T17:10:37.981+09:00,newbi,KeyEvent,65535:37:0,summer,Editor,C:/Users/newbi/CLionProjects/summer/main.cpp,,15,45,Changes
2023-06-26T17:10:38.121+09:00,newbi,Action,EditorLeft,summer,Editor,C:/Users/newbi/CLionProjects/summer/main.cpp,,15,45,Changes
2023-06-26T17:10:38.122+09:00,newbi,KeyEvent,65535:37:0,summer,Editor,C:/Users/newbi/CLionProjects/summer/main.cpp,,15,44,Changes
2023-06-26T17:10:38.262+09:00,newbi,Action,EditorLeft,summer,Editor,C:/Users/newbi/CLionProjects/summer/main.cpp,,15,44,Changes
2023-06-26T17:10:38.263+09:00,newbi,KeyEvent,65535:37:0,summer,Editor,C:/Users/newbi/CLionProjects/summer/main.cpp,,15,43,Changes
2023-06-26T17:10:38.391+09:00,newbi,Action,EditorLeft,summer,Editor,C:/Users/newbi/CLionProjects/summer/main.cpp,,15,43,Changes
2023-06-26T17:10:38.393+09:00,newbi,KeyEvent,65535:37:0,summer,Editor,C:/Users/newbi/CLionProjects/summer/main.cpp,,15,42,Changes
2023-06-26T17:10:38.723+09:00,newbi,Action,EditorEnter,summer,Editor,C:/Users/newbi/CLionProjects/summer/main.cpp,,15,42,Changes
2023-06-26T17:10:38.727+09:00,newbi,KeyEvent,10:10:0,summer,Editor,C:/Users/newbi/CLionProjects/summer/main.cpp,,16,8,Changes
2023-06-26T17:10:39.131+09:00,newbi,Action,EditorRight,summer,Editor,C:/Users/newbi/CLionProjects/summer/main.cpp,,16,8,Changes
2023-06-26T17:10:39.132+09:00,newbi,KeyEvent,65535:39:0,summer,Editor,C:/Users/newbi/CLionProjects/summer/main.cpp,,16,9,Changes
2023-06-26T17:10:39.734+09:00,newbi,Action,EditorRight,summer,Editor,C:/Users/newbi/CLionProjects/summer/main.cpp,,16,9,Changes
2023-06-26T17:10:39.735+09:00,newbi,KeyEvent,65535:39:0,summer,Editor,C:/Users/newbi/CLionProjects/summer/main.cpp,,16,10,Changes
2023-06-26T17:10:39.764+09:00,newbi,Action,EditorRight,summer,Editor,C:/Users/newbi/CLionProjects/summer/main.cpp,,16,10,Changes
2023-06-26T17:10:39.765+09:00,newbi,KeyEvent,65535:39:0,summer,Editor,C:/Users/newbi/CLionProjects/summer/main.cpp,,16,11,Changes
2023-06-26T17:10:39.793+09:00,newbi,Action,EditorRight,summer,Editor,C:/Users/newbi/CLionProjects/summer/main.cpp,,16,11,Changes
2023-06-26T17:10:39.794+09:00,newbi,KeyEvent,65535:39:0,summer,Editor,C:/Users/newbi/CLionProjects/summer/main.cpp,,16,12,Changes
2023-06-26T17:10:39.823+09:00,newbi,Action,EditorRight,summer,Editor,C:/Users/newbi/CLionProjects/summer/main.cpp,,16,12,Changes
2023-06-26T17:10:39.825+09:00,newbi,KeyEvent,65535:39:0,summer,Editor,C:/Users/newbi/CLionProjects/summer/main.cpp,,16,13,Changes
2023-06-26T17:10:39.855+09:00,newbi,Action,EditorRight,summer,Editor,C:/Users/newbi/CLionProjects/summer/main.cpp,,16,13,Changes
2023-06-26T17:10:39.856+09:00,newbi,KeyEvent,65535:39:0,summer,Editor,C:/Users/newbi/CLionProjects/summer/main.cpp,,16,14,Changes
2023-06-26T17:10:39.884+09:00,newbi,Action,EditorRight,summer,Editor,C:/Users/newbi/CLionProjects/summer/main.cpp,,16,14,Changes
2023-06-26T17:10:39.885+09:00,newbi,KeyEvent,65535:39:0,summer,Editor,C:/Users/newbi/CLionProjects/summer/main.cpp,,16,15,Changes
2023-06-26T17:10:39.914+09:00,newbi,Action,EditorRight,summer,Editor,C:/Users/newbi/CLionProjects/summer/main.cpp,,16,15,Changes
2023-06-26T17:10:39.915+09:00,newbi,KeyEvent,65535:39:0,summer,Editor,C:/Users/newbi/CLionProjects/summer/main.cpp,,16,16,Changes
2023-06-26T17:10:39.945+09:00,newbi,Action,EditorRight,summer,Editor,C:/Users/newbi/CLionProjects/summer/main.cpp,,16,16,Changes
2023-06-26T17:10:39.951+09:00,newbi,KeyEvent,65535:39:0,summer,Editor,C:/Users/newbi/CLionProjects/summer/main.cpp,,16,17,Changes
2023-06-26T17:10:39.973+09:00,newbi,Action,EditorRight,summer,Editor,C:/Users/newbi/CLionProjects/summer/main.cpp,,16,17,Changes
2023-06-26T17:10:39.975+09:00,newbi,KeyEvent,65535:39:0,summer,Editor,C:/Users/newbi/CLionProjects/summer/main.cpp,,16,18,Changes
2023-06-26T17:10:40.003+09:00,newbi,Action,EditorRight,summer,Editor,C:/Users/newbi/CLionProjects/summer/main.cpp,,16,18,Changes
2023-06-26T17:10:40.005+09:00,newbi,KeyEvent,65535:39:0,summer,Editor,C:/Users/newbi/CLionProjects/summer/main.cpp,,16,19,Changes
2023-06-26T17:10:40.034+09:00,newbi,Action,EditorRight,summer,Editor,C:/Users/newbi/CLionProjects/summer/main.cpp,,16,19,Changes
2023-06-26T17:10:40.035+09:00,newbi,KeyEvent,65535:39:0,summer,Editor,C:/Users/newbi/CLionProjects/summer/main.cpp,,16,20,Changes
2023-06-26T17:10:40.064+09:00,newbi,Action,EditorRight,summer,Editor,C:/Users/newbi/CLionProjects/summer/main.cpp,,16,20,Changes
2023-06-26T17:10:40.066+09:00,newbi,KeyEvent,65535:39:0,summer,Editor,C:/Users/newbi/CLionProjects/summer/main.cpp,,16,21,Changes
2023-06-26T17:10:40.095+09:00,newbi,Action,EditorRight,summer,Editor,C:/Users/newbi/CLionProjects/summer/main.cpp,,16,21,Changes
2023-06-26T17:10:40.096+09:00,newbi,KeyEvent,65535:39:0,summer,Editor,C:/Users/newbi/CLionProjects/summer/main.cpp,,16,22,Changes
2023-06-26T17:10:40.124+09:00,newbi,Action,EditorRight,summer,Editor,C:/Users/newbi/CLionProjects/summer/main.cpp,,16,22,Changes
2023-06-26T17:10:40.126+09:00,newbi,KeyEvent,65535:39:0,summer,Editor,C:/Users/newbi/CLionProjects/summer/main.cpp,,16,23,Changes
2023-06-26T17:10:40.155+09:00,newbi,Action,EditorRight,summer,Editor,C:/Users/newbi/CLionProjects/summer/main.cpp,,16,23,Changes
2023-06-26T17:10:40.156+09:00,newbi,KeyEvent,65535:39:0,summer,Editor,C:/Users/newbi/CLionProjects/summer/main.cpp,,16,24,Changes
2023-06-26T17:10:40.611+09:00,newbi,Action,EditorEnter,summer,Editor,C:/Users/newbi/CLionProjects/summer/main.cpp,,16,24,Changes
2023-06-26T17:10:40.614+09:00,newbi,KeyEvent,10:10:0,summer,Editor,C:/Users/newbi/CLionProjects/summer/main.cpp,,17,8,Changes
2023-06-26T17:10:40.893+09:00,newbi,Action,EditorRight,summer,Editor,C:/Users/newbi/CLionProjects/summer/main.cpp,,17,8,Changes
2023-06-26T17:10:40.895+09:00,newbi,KeyEvent,65535:39:0,summer,Editor,C:/Users/newbi/CLionProjects/summer/main.cpp,,17,9,Changes
2023-06-26T17:10:41.496+09:00,newbi,Action,EditorRight,summer,Editor,C:/Users/newbi/CLionProjects/summer/main.cpp,,17,9,Changes
2023-06-26T17:10:41.497+09:00,newbi,KeyEvent,65535:39:0,summer,Editor,C:/Users/newbi/CLionProjects/summer/main.cpp,,17,10,Changes
2023-06-26T17:10:41.526+09:00,newbi,Action,EditorRight,summer,Editor,C:/Users/newbi/CLionProjects/summer/main.cpp,,17,10,Changes
2023-06-26T17:10:41.527+09:00,newbi,KeyEvent,65535:39:0,summer,Editor,C:/Users/newbi/CLionProjects/summer/main.cpp,,17,11,Changes
2023-06-26T17:10:41.556+09:00,newbi,Action,EditorRight,summer,Editor,C:/Users/newbi/CLionProjects/summer/main.cpp,,17,11,Changes
2023-06-26T17:10:41.557+09:00,newbi,KeyEvent,65535:39:0,summer,Editor,C:/Users/newbi/CLionProjects/summer/main.cpp,,17,12,Changes
2023-06-26T17:10:41.588+09:00,newbi,Action,EditorRight,summer,Editor,C:/Users/newbi/CLionProjects/summer/main.cpp,,17,12,Changes
2023-06-26T17:10:41.589+09:00,newbi,KeyEvent,65535:39:0,summer,Editor,C:/Users/newbi/CLionProjects/summer/main.cpp,,17,13,Changes
2023-06-26T17:10:41.615+09:00,newbi,Action,EditorRight,summer,Editor,C:/Users/newbi/CLionProjects/summer/main.cpp,,17,13,Changes
2023-06-26T17:10:41.617+09:00,newbi,KeyEvent,65535:39:0,summer,Editor,C:/Users/newbi/CLionProjects/summer/main.cpp,,17,14,Changes
2023-06-26T17:10:41.832+09:00,newbi,Action,EditorRight,summer,Editor,C:/Users/newbi/CLionProjects/summer/main.cpp,,17,14,Changes
2023-06-26T17:10:41.833+09:00,newbi,KeyEvent,65535:39:0,summer,Editor,C:/Users/newbi/CLionProjects/summer/main.cpp,,17,15,Changes
2023-06-26T17:10:42.004+09:00,newbi,Action,EditorRight,summer,Editor,C:/Users/newbi/CLionProjects/summer/main.cpp,,17,15,Changes
2023-06-26T17:10:42.005+09:00,newbi,KeyEvent,65535:39:0,summer,Editor,C:/Users/newbi/CLionProjects/summer/main.cpp,,17,16,Changes
2023-06-26T17:10:42.143+09:00,newbi,Action,EditorRight,summer,Editor,C:/Users/newbi/CLionProjects/summer/main.cpp,,17,16,Changes
2023-06-26T17:10:42.144+09:00,newbi,KeyEvent,65535:39:0,summer,Editor,C:/Users/newbi/CLionProjects/summer/main.cpp,,17,17,Changes
2023-06-26T17:10:42.449+09:00,newbi,Action,EditorEnter,summer,Editor,C:/Users/newbi/CLionProjects/summer/main.cpp,,17,17,Changes
2023-06-26T17:10:42.458+09:00,newbi,KeyEvent,10:10:0,summer,Editor,C:/Users/newbi/CLionProjects/summer/main.cpp,,18,8,Changes
2023-06-26T17:10:45.644+09:00,newbi,Action,EditorEnter,summer,Editor,C:/Users/newbi/CLionProjects/summer/main.cpp,,18,16,Changes
2023-06-26T17:10:45.653+09:00,newbi,KeyEvent,10:10:0,summer,Editor,C:/Users/newbi/CLionProjects/summer/main.cpp,,19,4,Changes
2023-06-26T17:10:46.257+09:00,newbi,Action,EditorRight,summer,Editor,C:/Users/newbi/CLionProjects/summer/main.cpp,,19,4,Changes
2023-06-26T17:10:46.258+09:00,newbi,KeyEvent,65535:39:0,summer,Editor,C:/Users/newbi/CLionProjects/summer/main.cpp,,19,5,Changes
2023-06-26T17:10:46.470+09:00,newbi,Action,EditorRight,summer,Editor,C:/Users/newbi/CLionProjects/summer/main.cpp,,19,5,Changes
2023-06-26T17:10:46.471+09:00,newbi,KeyEvent,65535:39:0,summer,Editor,C:/Users/newbi/CLionProjects/summer/main.cpp,,19,6,Changes
2023-06-26T17:10:46.875+09:00,newbi,Action,EditorDown,summer,Editor,C:/Users/newbi/CLionProjects/summer/main.cpp,,19,6,Changes
2023-06-26T17:10:46.876+09:00,newbi,KeyEvent,65535:40:0,summer,Editor,C:/Users/newbi/CLionProjects/summer/main.cpp,,20,6,Changes
2023-06-26T17:10:47.306+09:00,newbi,Action,EditorDown,summer,Editor,C:/Users/newbi/CLionProjects/summer/main.cpp,,20,6,Changes
2023-06-26T17:10:47.307+09:00,newbi,KeyEvent,65535:40:0,summer,Editor,C:/Users/newbi/CLionProjects/summer/main.cpp,,21,6,Changes
2023-06-26T17:10:47.487+09:00,newbi,Action,EditorDown,summer,Editor,C:/Users/newbi/CLionProjects/summer/main.cpp,,21,6,Changes
2023-06-26T17:10:47.488+09:00,newbi,KeyEvent,65535:40:0,summer,Editor,C:/Users/newbi/CLionProjects/summer/main.cpp,,22,0,Changes
2023-06-26T17:10:47.643+09:00,newbi,Action,EditorDown,summer,Editor,C:/Users/newbi/CLionProjects/summer/main.cpp,,22,0,Changes
2023-06-26T17:10:47.644+09:00,newbi,KeyEvent,65535:40:0,summer,Editor,C:/Users/newbi/CLionProjects/summer/main.cpp,,23,6,Changes
2023-06-26T17:11:01.138+09:00,newbi,Action,EditorBackSpace,summer,Editor,C:/Users/newbi/CLionProjects/summer/main.cpp,,14,39,Changes
2023-06-26T17:11:01.141+09:00,newbi,KeyEvent,8:8:0,summer,Editor,C:/Users/newbi/CLionProjects/summer/main.cpp,,14,38,Changes
2023-06-26T17:11:01.293+09:00,newbi,Action,EditorBackSpace,summer,Editor,C:/Users/newbi/CLionProjects/summer/main.cpp,,14,38,Changes
2023-06-26T17:11:01.296+09:00,newbi,KeyEvent,8:8:0,summer,Editor,C:/Users/newbi/CLionProjects/summer/main.cpp,,14,37,Changes
2023-06-26T17:11:01.449+09:00,newbi,Action,EditorBackSpace,summer,Editor,C:/Users/newbi/CLionProjects/summer/main.cpp,,14,37,Changes
2023-06-26T17:11:01.452+09:00,newbi,KeyEvent,8:8:0,summer,Editor,C:/Users/newbi/CLionProjects/summer/main.cpp,,14,36,Changes
2023-06-26T17:11:01.595+09:00,newbi,Action,EditorBackSpace,summer,Editor,C:/Users/newbi/CLionProjects/summer/main.cpp,,14,36,Changes
2023-06-26T17:11:01.597+09:00,newbi,KeyEvent,8:8:0,summer,Editor,C:/Users/newbi/CLionProjects/summer/main.cpp,,14,35,Changes
2023-06-26T17:11:01.746+09:00,newbi,Action,EditorBackSpace,summer,Editor,C:/Users/newbi/CLionProjects/summer/main.cpp,,14,35,Changes
2023-06-26T17:11:01.748+09:00,newbi,KeyEvent,8:8:0,summer,Editor,C:/Users/newbi/CLionProjects/summer/main.cpp,,14,34,Changes
2023-06-26T17:11:02.209+09:00,newbi,Action,EditorUp,summer,Editor,C:/Users/newbi/CLionProjects/summer/main.cpp,,14,34,Changes
2023-06-26T17:11:02.210+09:00,newbi,KeyEvent,65535:38:0,summer,Editor,C:/Users/newbi/CLionProjects/summer/main.cpp,,13,0,Changes
2023-06-26T17:11:02.379+09:00,newbi,Action,EditorUp,summer,Editor,C:/Users/newbi/CLionProjects/summer/main.cpp,,13,0,Changes
2023-06-26T17:11:02.381+09:00,newbi,KeyEvent,65535:38:0,summer,Editor,C:/Users/newbi/CLionProjects/summer/main.cpp,,12,20,Changes
2023-06-26T17:11:02.519+09:00,newbi,Action,EditorUp,summer,Editor,C:/Users/newbi/CLionProjects/summer/main.cpp,,12,20,Changes
2023-06-26T17:11:02.521+09:00,newbi,KeyEvent,65535:38:0,summer,Editor,C:/Users/newbi/CLionProjects/summer/main.cpp,,11,20,Changes
2023-06-26T17:11:02.938+09:00,newbi,Action,EditorLeft,summer,Editor,C:/Users/newbi/CLionProjects/summer/main.cpp,,11,20,Changes
2023-06-26T17:11:02.939+09:00,newbi,KeyEvent,65535:37:0,summer,Editor,C:/Users/newbi/CLionProjects/summer/main.cpp,,11,19,Changes
2023-06-26T17:11:03.118+09:00,newbi,Action,EditorLeft,summer,Editor,C:/Users/newbi/CLionProjects/summer/main.cpp,,11,19,Changes
2023-06-26T17:11:03.119+09:00,newbi,KeyEvent,65535:37:0,summer,Editor,C:/Users/newbi/CLionProjects/summer/main.cpp,,11,18,Changes
2023-06-26T17:11:03.400+09:00,newbi,Action,EditorRight,summer,Editor,C:/Users/newbi/CLionProjects/summer/main.cpp,,11,18,Changes
2023-06-26T17:11:03.400+09:00,newbi,KeyEvent,65535:39:0,summer,Editor,C:/Users/newbi/CLionProjects/summer/main.cpp,,11,19,Changes
2023-06-26T17:11:03.724+09:00,newbi,Action,EditorBackSpace,summer,Editor,C:/Users/newbi/CLionProjects/summer/main.cpp,,11,19,Changes
2023-06-26T17:11:03.726+09:00,newbi,KeyEvent,8:8:0,summer,Editor,C:/Users/newbi/CLionProjects/summer/main.cpp,,11,18,Changes
2023-06-26T17:11:03.860+09:00,newbi,Action,EditorBackSpace,summer,Editor,C:/Users/newbi/CLionProjects/summer/main.cpp,,11,18,Changes
2023-06-26T17:11:03.862+09:00,newbi,KeyEvent,8:8:0,summer,Editor,C:/Users/newbi/CLionProjects/summer/main.cpp,,11,17,Changes
2023-06-26T17:11:04.011+09:00,newbi,Action,EditorBackSpace,summer,Editor,C:/Users/newbi/CLionProjects/summer/main.cpp,,11,17,Changes
2023-06-26T17:11:04.013+09:00,newbi,KeyEvent,8:8:0,summer,Editor,C:/Users/newbi/CLionProjects/summer/main.cpp,,11,16,Changes
2023-06-26T17:11:04.161+09:00,newbi,Action,EditorBackSpace,summer,Editor,C:/Users/newbi/CLionProjects/summer/main.cpp,,11,16,Changes
2023-06-26T17:11:04.163+09:00,newbi,KeyEvent,8:8:0,summer,Editor,C:/Users/newbi/CLionProjects/summer/main.cpp,,11,15,Changes
2023-06-26T17:11:04.311+09:00,newbi,Action,EditorBackSpace,summer,Editor,C:/Users/newbi/CLionProjects/summer/main.cpp,,11,15,Changes
2023-06-26T17:11:04.314+09:00,newbi,KeyEvent,8:8:0,summer,Editor,C:/Users/newbi/CLionProjects/summer/main.cpp,,11,14,Changes
2023-06-26T17:11:04.724+09:00,newbi,Action,EditorDown,summer,Editor,C:/Users/newbi/CLionProjects/summer/main.cpp,,11,14,Changes
2023-06-26T17:11:04.726+09:00,newbi,KeyEvent,65535:40:0,summer,Editor,C:/Users/newbi/CLionProjects/summer/main.cpp,,12,14,Changes
2023-06-26T17:11:04.895+09:00,newbi,Action,EditorRight,summer,Editor,C:/Users/newbi/CLionProjects/summer/main.cpp,,12,14,Changes
2023-06-26T17:11:04.897+09:00,newbi,KeyEvent,65535:39:0,summer,Editor,C:/Users/newbi/CLionProjects/summer/main.cpp,,12,15,Changes
2023-06-26T17:11:05.051+09:00,newbi,Action,EditorRight,summer,Editor,C:/Users/newbi/CLionProjects/summer/main.cpp,,12,15,Changes
2023-06-26T17:11:05.052+09:00,newbi,KeyEvent,65535:39:0,summer,Editor,C:/Users/newbi/CLionProjects/summer/main.cpp,,12,16,Changes
2023-06-26T17:11:05.204+09:00,newbi,Action,EditorRight,summer,Editor,C:/Users/newbi/CLionProjects/summer/main.cpp,,12,16,Changes
2023-06-26T17:11:05.205+09:00,newbi,KeyEvent,65535:39:0,summer,Editor,C:/Users/newbi/CLionProjects/summer/main.cpp,,12,17,Changes
2023-06-26T17:11:05.354+09:00,newbi,Action,EditorRight,summer,Editor,C:/Users/newbi/CLionProjects/summer/main.cpp,,12,17,Changes
2023-06-26T17:11:05.355+09:00,newbi,KeyEvent,65535:39:0,summer,Editor,C:/Users/newbi/CLionProjects/summer/main.cpp,,12,18,Changes
2023-06-26T17:11:05.495+09:00,newbi,Action,EditorRight,summer,Editor,C:/Users/newbi/CLionProjects/summer/main.cpp,,12,18,Changes
2023-06-26T17:11:05.496+09:00,newbi,KeyEvent,65535:39:0,summer,Editor,C:/Users/newbi/CLionProjects/summer/main.cpp,,12,19,Changes
2023-06-26T17:11:05.864+09:00,newbi,Action,EditorBackSpace,summer,Editor,C:/Users/newbi/CLionProjects/summer/main.cpp,,12,19,Changes
2023-06-26T17:11:05.866+09:00,newbi,KeyEvent,8:8:0,summer,Editor,C:/Users/newbi/CLionProjects/summer/main.cpp,,12,18,Changes
2023-06-26T17:11:06.015+09:00,newbi,Action,EditorBackSpace,summer,Editor,C:/Users/newbi/CLionProjects/summer/main.cpp,,12,18,Changes
2023-06-26T17:11:06.018+09:00,newbi,KeyEvent,8:8:0,summer,Editor,C:/Users/newbi/CLionProjects/summer/main.cpp,,12,17,Changes
2023-06-26T17:11:06.164+09:00,newbi,Action,EditorBackSpace,summer,Editor,C:/Users/newbi/CLionProjects/summer/main.cpp,,12,17,Changes
2023-06-26T17:11:06.168+09:00,newbi,KeyEvent,8:8:0,summer,Editor,C:/Users/newbi/CLionProjects/summer/main.cpp,,12,16,Changes
2023-06-26T17:11:06.321+09:00,newbi,Action,EditorBackSpace,summer,Editor,C:/Users/newbi/CLionProjects/summer/main.cpp,,12,16,Changes
2023-06-26T17:11:06.323+09:00,newbi,KeyEvent,8:8:0,summer,Editor,C:/Users/newbi/CLionProjects/summer/main.cpp,,12,15,Changes
2023-06-26T17:11:06.487+09:00,newbi,Action,EditorBackSpace,summer,Editor,C:/Users/newbi/CLionProjects/summer/main.cpp,,12,15,Changes
2023-06-26T17:11:06.489+09:00,newbi,KeyEvent,8:8:0,summer,Editor,C:/Users/newbi/CLionProjects/summer/main.cpp,,12,14,Changes
2023-06-26T17:11:08.913+09:00,newbi,Action,EditorBackSpace,summer,Editor,C:/Users/newbi/CLionProjects/summer/main.cpp,,21,51,Changes
2023-06-26T17:11:08.916+09:00,newbi,KeyEvent,8:8:0,summer,Editor,C:/Users/newbi/CLionProjects/summer/main.cpp,,21,50,Changes
2023-06-26T17:11:09.079+09:00,newbi,Action,EditorBackSpace,summer,Editor,C:/Users/newbi/CLionProjects/summer/main.cpp,,21,50,Changes
2023-06-26T17:11:09.081+09:00,newbi,KeyEvent,8:8:0,summer,Editor,C:/Users/newbi/CLionProjects/summer/main.cpp,,21,49,Changes
2023-06-26T17:11:09.233+09:00,newbi,Action,EditorBackSpace,summer,Editor,C:/Users/newbi/CLionProjects/summer/main.cpp,,21,49,Changes
2023-06-26T17:11:09.236+09:00,newbi,KeyEvent,8:8:0,summer,Editor,C:/Users/newbi/CLionProjects/summer/main.cpp,,21,48,Changes
2023-06-26T17:11:09.385+09:00,newbi,Action,EditorBackSpace,summer,Editor,C:/Users/newbi/CLionProjects/summer/main.cpp,,21,48,Changes
2023-06-26T17:11:09.388+09:00,newbi,KeyEvent,8:8:0,summer,Editor,C:/Users/newbi/CLionProjects/summer/main.cpp,,21,47,Changes
2023-06-26T17:11:09.545+09:00,newbi,Action,EditorBackSpace,summer,Editor,C:/Users/newbi/CLionProjects/summer/main.cpp,,21,47,Changes
2023-06-26T17:11:09.548+09:00,newbi,KeyEvent,8:8:0,summer,Editor,C:/Users/newbi/CLionProjects/summer/main.cpp,,21,46,Changes
2023-06-26T17:11:11.918+09:00,newbi,Action,EditorBackSpace,summer,Editor,C:/Users/newbi/CLionProjects/summer/main.cpp,,24,36,Changes
2023-06-26T17:11:11.922+09:00,newbi,KeyEvent,8:8:0,summer,Editor,C:/Users/newbi/CLionProjects/summer/main.cpp,,24,35,Changes
2023-06-26T17:11:12.068+09:00,newbi,Action,EditorBackSpace,summer,Editor,C:/Users/newbi/CLionProjects/summer/main.cpp,,24,35,Changes
2023-06-26T17:11:12.069+09:00,newbi,KeyEvent,8:8:0,summer,Editor,C:/Users/newbi/CLionProjects/summer/main.cpp,,24,34,Changes
2023-06-26T17:11:12.202+09:00,newbi,Action,EditorBackSpace,summer,Editor,C:/Users/newbi/CLionProjects/summer/main.cpp,,24,34,Changes
2023-06-26T17:11:12.204+09:00,newbi,KeyEvent,8:8:0,summer,Editor,C:/Users/newbi/CLionProjects/summer/main.cpp,,24,33,Changes
2023-06-26T17:11:12.359+09:00,newbi,Action,EditorBackSpace,summer,Editor,C:/Users/newbi/CLionProjects/summer/main.cpp,,24,33,Changes
2023-06-26T17:11:12.361+09:00,newbi,KeyEvent,8:8:0,summer,Editor,C:/Users/newbi/CLionProjects/summer/main.cpp,,24,32,Changes
2023-06-26T17:11:12.509+09:00,newbi,Action,EditorBackSpace,summer,Editor,C:/Users/newbi/CLionProjects/summer/main.cpp,,24,32,Changes
2023-06-26T17:11:12.511+09:00,newbi,KeyEvent,8:8:0,summer,Editor,C:/Users/newbi/CLionProjects/summer/main.cpp,,24,31,Changes
2023-06-26T17:11:13.743+09:00,newbi,KeyEvent,65535:17:2,summer,Editor,C:/Users/newbi/CLionProjects/summer/main.cpp,,24,36,Changes
2023-06-26T17:11:14.046+09:00,newbi,Action,SaveAll,summer,Editor,C:/Users/newbi/CLionProjects/summer/main.cpp,,24,36,Changes
2023-06-26T17:11:14.056+09:00,newbi,KeyEvent,19:83:2,summer,Editor,C:/Users/newbi/CLionProjects/summer/main.cpp,,24,36,Changes
2023-06-26T17:11:18.644+09:00,newbi,Action,EditorBackSpace,summer,Editor,C:/Users/newbi/CLionProjects/summer/main.cpp,,7,16,Changes
2023-06-26T17:11:18.650+09:00,newbi,KeyEvent,8:8:0,summer,Editor,C:/Users/newbi/CLionProjects/summer/main.cpp,,7,15,Changes
2023-06-26T17:11:18.804+09:00,newbi,Action,EditorBackSpace,summer,Editor,C:/Users/newbi/CLionProjects/summer/main.cpp,,7,15,Changes
2023-06-26T17:11:18.806+09:00,newbi,KeyEvent,8:8:0,summer,Editor,C:/Users/newbi/CLionProjects/summer/main.cpp,,7,14,Changes
2023-06-26T17:11:18.949+09:00,newbi,Action,EditorBackSpace,summer,Editor,C:/Users/newbi/CLionProjects/summer/main.cpp,,7,14,Changes
2023-06-26T17:11:18.951+09:00,newbi,KeyEvent,8:8:0,summer,Editor,C:/Users/newbi/CLionProjects/summer/main.cpp,,7,13,Changes
2023-06-26T17:11:19.095+09:00,newbi,Action,EditorBackSpace,summer,Editor,C:/Users/newbi/CLionProjects/summer/main.cpp,,7,13,Changes
2023-06-26T17:11:19.097+09:00,newbi,KeyEvent,8:8:0,summer,Editor,C:/Users/newbi/CLionProjects/summer/main.cpp,,7,12,Changes
2023-06-26T17:11:19.240+09:00,newbi,Action,EditorBackSpace,summer,Editor,C:/Users/newbi/CLionProjects/summer/main.cpp,,7,12,Changes
2023-06-26T17:11:19.241+09:00,newbi,KeyEvent,8:8:0,summer,Editor,C:/Users/newbi/CLionProjects/summer/main.cpp,,7,11,Changes
2023-06-26T17:11:20.777+09:00,newbi,KeyEvent,65535:17:2,summer,Editor,C:/Users/newbi/CLionProjects/summer/main.cpp,,10,12,Changes
2023-06-26T17:11:20.913+09:00,newbi,Action,SaveAll,summer,Editor,C:/Users/newbi/CLionProjects/summer/main.cpp,,10,12,Changes
2023-06-26T17:11:20.920+09:00,newbi,KeyEvent,19:83:2,summer,Editor,C:/Users/newbi/CLionProjects/summer/main.cpp,,10,12,Changes
2023-06-26T17:11:23.780+09:00,newbi,Action,Run,summer,Editor,C:/Users/newbi/CLionProjects/summer/main.cpp,,10,12,Changes
2023-06-26T17:11:25.010+09:00,newbi,Execution,Run:'CMake Application: summer':C:\Users\newbi\CLionProjects\summer\cmake-build-debug\summer.exe,summer,Editor,C:/Users/newbi/CLionProjects/summer/main.cpp,,10,12,Changes
2023-06-26T17:11:50.822+09:00,newbi,Action,EditorBackSpace,summer,Editor,C:/Users/newbi/CLionProjects/summer/main.cpp,,1,0,Changes
2023-06-26T17:11:50.826+09:00,newbi,KeyEvent,8:8:0,summer,Editor,C:/Users/newbi/CLionProjects/summer/main.cpp,,0,19,Changes
2023-06-26T17:11:53.505+09:00,newbi,KeyEvent,65535:17:2,summer,Editor,C:/Users/newbi/CLionProjects/summer/main.cpp,,20,51,Changes
2023-06-26T17:11:53.573+09:00,newbi,Action,SaveAll,summer,Editor,C:/Users/newbi/CLionProjects/summer/main.cpp,,20,51,Changes
2023-06-26T17:11:53.586+09:00,newbi,KeyEvent,19:83:2,summer,Editor,C:/Users/newbi/CLionProjects/summer/main.cpp,,20,51,Changes
2023-06-26T17:11:59.671+09:00,newbi,KeyEvent,65535:17:2,summer,Editor,C:/Users/newbi/CLionProjects/summer/main.cpp,,5,23,Changes
2023-06-26T17:11:59.743+09:00,newbi,Action,SaveAll,summer,Editor,C:/Users/newbi/CLionProjects/summer/main.cpp,,5,23,Changes
2023-06-26T17:11:59.744+09:00,newbi,KeyEvent,19:83:2,summer,Editor,C:/Users/newbi/CLionProjects/summer/main.cpp,,5,23,Changes
